Domain,Registration Date
DEMOLISHCORONAVIRUS.COM,3/16/2020
HOLDMYCORONA.COM,3/16/2020
HOWTOSTOPCORONA.COM,3/15/2020
CORONAVIRUSRACISM.COM,3/15/2020
NEWCORONABABY.COM,3/15/2020
CORONAFINANCIALHARDSHIP.COM,3/15/2020
ELCORONALIVE.COM,3/16/2020
INITIATIVE-GEGEN-CORONA.COM,3/16/2020
INITIATIVEGEGENCORONA.COM,3/16/2020
IKILLCORONA.COM,3/16/2020
CORONA-VIRUSHOAX.COM,3/16/2020
ASKCORONA.COM,3/15/2020
CORONAVIRUSDISASTER.COM,3/15/2020
CORONAVIRUS-VAC.COM,3/16/2020
CORONAVIRUS2019VACCINE.COM,3/16/2020
MYCORONARISK.COM,3/15/2020
MAPADOCORONAVIRUS.COM,3/15/2020
CORONAVIRUSGOHOME.COM,3/13/2020
CORONAWASHHANDS.COM,3/16/2020
COMOPREVENIRELCORONAVIRUS.COM,3/15/2020
MYCORONAS.COM,3/15/2020
CORONA-CONNECT.COM,3/15/2020
CORONAVIRUS-OREGON.COM,3/3/2020
CORONAINFOUPDATE.COM,3/16/2020
IFIGHTCORONA.COM,3/15/2020
CORONAVIRITH.COM,3/15/2020
CORONAVIRUSNOMORE.COM,3/15/2020
CORONAFREEEVENTS.COM,3/15/2020
CORONA-VIRUSLAWSUIT.COM,3/15/2020
CORONAVIRUS-VENTILATOR.COM,3/15/2020
COVERCORONAVIRUS.COM,3/16/2020
LAWSUITCORONAVIRUS.COM,3/5/2020
CORONAVIRUSVACCINEUS.COM,3/13/2020
THANKSCORONA.COM,3/15/2020
HYBRIDCORONASTRAIN.COM,3/13/2020
CORONAVIRUSRIOTS.COM,3/16/2020
CORONATRACKER2020.COM,3/15/2020
CORONAVIRUS-GURU.COM,3/16/2020
FUCKINGCORONA.COM,3/14/2020
CORONAVIRUS-SANFRANCISCO.COM,3/13/2020
CORONAHP.COM,3/16/2020
CORONAVIRUS-SOUTHKOREA.COM,3/13/2020
CORONALITEVIRUS.COM,3/13/2020
GETCORONAVIRUSASSISTANCE.COM,3/16/2020
CORONAVIRUSBUSINESSRELIEF.COM,3/16/2020
STOPCORONA.COM,1/24/2020
LOVEINTHETIMEOFTHECORONAVIRUS.COM,3/13/2020
CORONAVIRUSSURVIVALSYSTEM.COM,3/13/2020
CORONACONCIOUS.COM,3/13/2020
CORONAVIRUSHIV.COM,3/13/2020
CORONA-COACHING.COM,3/16/2020
CORONAVIRUSKIRKLAND.COM,3/15/2020
CORONAVIRUSTESTINGLOCATION.COM,3/16/2020
CORONAVIRUSFUNDINGBAILOUT.COM,3/16/2020
CORONAVIRUS-LOUISIANA.COM,3/16/2020
WATCHCORONA.COM,2/14/2020
CORONAPOCALYPSE666.COM,3/13/2020
MYCORONAJOURNAL.COM,3/13/2020
CORONAIMMUNESUPPORT.COM,3/13/2020
CORONATRAVELADVICE.COM,3/15/2020
GOIGLECORONAVIRUS.COM,3/15/2020
GOOGLECORONAVVIRUS.COM,3/15/2020
GOOGLECORONAVIRUA.COM,3/15/2020
CORONACLEANINGCONTRACTOR.COM,3/15/2020
CORONAVIRUSDECLASSIFIED.COM,3/15/2020
CORONAVIRUSVR.COM,3/14/2020
GOOGLECORONAVIRS.COM,3/15/2020
THECORONATIMES.COM,3/13/2020
GOOGLECORONAVIUS.COM,3/15/2020
CORONAVIRUSUPDATEUSA.COM,2/25/2020
GOOGLECORONAVIRU.COM,3/15/2020
CORONAVIRUSFINANCIALRELIEF.COM,3/16/2020
CORONAUPRISING.COM,3/13/2020
CORONAZAPPERS.COM,3/13/2020
VACCINCORONA.COM,3/13/2020
FIGHTCORONA-VIRUS.COM,3/13/2020
GOOGLECORONACIRUS.COM,3/15/2020
GOOLGECORONAVIRUS.COM,3/15/2020
UELCONTRACORONAVIRUS.COM,3/13/2020
TESTMYCORONA.COM,3/15/2020
CORONAVISRUS.COM,3/13/2020
CORONABABYUSA.COM,3/13/2020
CORONASOUP.COM,3/15/2020
VIRUSCORONANEWS.COM,1/31/2020
HEALTHFORCORONA.COM,3/15/2020
CORONABREAK2020.COM,3/15/2020
CORONAVITAL.COM,3/15/2020
CORONATONICS.COM,3/15/2020
CORONAVIRUS-AI.COM,3/16/2020
CORONANEWSHUB.COM,3/16/2020
CORONAVIRUSASSISTANT.COM,3/13/2020
CORONAVIRUS-PLEDGE.COM,3/10/2020
CORONAVIRESNEWNOW.COM,3/13/2020
REIKICORONAVIRUS.COM,3/15/2020
IWOULDRATHERODTHANDIEOFCORONAVIRUS.COM,3/13/2020
CORONAVIRUSFIGHTERSTORE.COM,3/16/2020
IWOULDRATHERDIEOFCORONAVIRUSTHANGOTODETROIT.COM,3/13/2020
CORONANNY.COM,3/15/2020
CORONAVIRUSSTATISTICSANDINFORMATION.COM,3/13/2020
CORONARECIPES.COM,3/15/2020
CORONACLEANUPCREW.COM,3/13/2020
CORONADAISYCARNIVAL.COM,3/15/2020
CORONAVIRUSREMEDE.COM,3/13/2020
SEATTLECORONASURVIVOR.COM,3/13/2020
CORONATOOLKIT.COM,3/16/2020
SHUTDOWNCORONA.COM,3/15/2020
CORONABIRUSNEWSNOW.COM,3/13/2020
DDSCORONA.COM,3/15/2020
CORONAFILE.COM,3/15/2020
CORONAHELPDIRECTORY.COM,3/15/2020
CORONAVIRUSJESUS.COM,3/13/2020
CORONAVIRUSNEWSNNOW.COM,3/13/2020
CORONAGIRUSNEWSNOW.COM,3/13/2020
CORONAVIRUSCONSULTATION.COM,2/27/2020
ITHINKIHAVETHECORONAVIRUS.COM,3/13/2020
NYCORONALAWYERS.COM,3/15/2020
CORONAVIRUSSECURE.COM,3/15/2020
NYCORONALAW.COM,3/15/2020
CORONAFUNDME.COM,3/15/2020
CORONAVIRUSMASKREVIEW.COM,2/25/2020
CORONAGEN.COM,3/13/2020
CORONAVIRUSTESTINGNOW.COM,3/15/2020
CHURCHANDCORONAVIRUS.COM,3/15/2020
CORONA-MART.COM,3/13/2020
CORONAVIRUSNEWSPAKISTAN.COM,3/13/2020
CORONAVIRUSFASTCLEAN.COM,3/15/2020
MYCORONAVIRUSCLAIM.COM,3/13/2020
CORONA-VIRUSSUPPORT.COM,3/15/2020
CORONAKILLCLOCK.COM,3/13/2020
CORONASICKNESSTREATMENT.COM,3/15/2020
CORONAVIRUSHELPCENTERS.COM,3/15/2020
PHONGDICHCORONA.COM,1/31/2020
CORONABUZZ.COM,2/22/2020
CORONAVIRUSPATIENTOBSERVATION.COM,3/8/2020
MAUICORONAUPDATE.COM,3/15/2020
CORONAVIRUS-WHAT-TO-BUY.COM,3/15/2020
CORONAVIRUS-19NEWS.COM,3/16/2020
CORONAVIRUSTRUMPS.COM,3/16/2020
SPORTSANDCORONA.COM,3/15/2020
CORONAVIRUS19DISCLOSURE.COM,3/16/2020
CORONAVIRUSTHEEND.COM,3/16/2020
STUDENTLOANCORONAVIRUS.COM,3/16/2020
CORONAVIRUS19REPORTS.COM,3/16/2020
DRIVEINCORONAVIRUSTESTING.COM,3/13/2020
THECORONACHRONICLES.COM,3/13/2020
STUDENTLOANSCORONAVIRUS.COM,3/16/2020
CORONAVIRUSAISAFETYSOLUTION.COM,3/16/2020
CORONAVIRUSPANDEMICUSA.COM,3/16/2020
CORONAVIRUSREMOTEPATIENTOBSERVATION.COM,3/8/2020
FELICIASCORONATAGEBUCH.COM,3/15/2020
CORONAVIRUSRELIEFFUND.COM,3/13/2020
CORONAVIRUS112.COM,3/13/2020
CORONACAEQUIPMENT.COM,12/25/2019
CORONAPETIT.COM,3/15/2020
CORONACAGE.COM,3/15/2020
CHATEAUCORONA.COM,3/15/2020
NORWEGIANCORONAVIRUSSCAM.COM,3/15/2020
CORONAPROTERCTOR.COM,3/13/2020
CORONAVIRUSOUTBREAKTEES.COM,3/13/2020
CORONABRIGHTSIDE.COM,3/16/2020
KHMERCORONA.COM,1/28/2020
CORONAKENYA.COM,3/15/2020
CORONAVIRUSSURVIVORSDIARIES.COM,2/29/2020
THECORONAVIRUSSURVIVORSDIARIES.COM,2/29/2020
MASKS-FOR-CORONA-VIRUS.COM,3/13/2020
CORONAVIRUS-FRANCHISE.COM,3/15/2020
THECORONAVIRUSDIARIES.COM,2/29/2020
CORONAVIRUSSURVIVORDIARIES.COM,2/29/2020
THECORONAVIRUSSURVIVORDIARIES.COM,2/29/2020
VIRALCORONAPNEUMONIA.COM,3/15/2020
CORONAVIRUS-HERO.COM,3/15/2020
CORONAVIRALPNEUMONIA.COM,3/15/2020
CORONAVIRUSEN.COM,3/15/2020
CORONAPIC.COM,3/15/2020
FREECORONAVIRUSOFFER.COM,3/13/2020
CORONAVIRUSMEDICENE.COM,3/15/2020
CORONAVIRUSCLEANS.COM,3/15/2020
CORONAFIGHTING.COM,3/15/2020
CORONAMICROBE.COM,3/15/2020
CORONAITA.COM,2/9/2020
PREVENCIONCORONAVIRUS.COM,2/6/2020
CORONAOFFICIAL.COM,2/27/2020
CORONAVIRUS-SELFISOLATION.COM,3/15/2020
REDSHIRTCORONA.COM,3/13/2020
BARCORONAREAL.COM,2/10/2020
PISOSYGRESCORONA.COM,1/18/2020
AYUDAS-CORONAVIRUS.COM,3/15/2020
CORONAVIRUS-REMOTELY.COM,3/16/2020
CORONAHERBALMASK.COM,3/13/2020
CORONACLASS2020.COM,3/13/2020
CASOSCORONAVIRUS.COM,3/13/2020
CORONACRUISERS.COM,3/13/2020
CORONAHEALTHCHECK.COM,3/15/2020
CORONAVIRUSEFACTS.COM,3/14/2020
CORONA-ATTACKS.COM,3/15/2020
CORONAVIRUSDIDNOTKILLME.COM,3/14/2020
CORONA-VIRUS-TEST-KITS.COM,3/16/2020
CORONATESTFINDER.COM,3/14/2020
CORONA-REPORT.COM,3/14/2020
THE-CORONA-DIARIES.COM,3/15/2020
COOKINGTHROUGHCORONA.COM,3/14/2020
CORONAHEALTHSUPPLY.COM,3/14/2020
STOPCORONAVIRUSARAGON.COM,3/16/2020
CORONAVIRUSPREVENTIONBUNDLE.COM,3/15/2020
CORONAVIRUSTWEETS.COM,3/14/2020
CORONAVGIFTS.COM,3/15/2020
CORONAVIRUSHEALTHGUIDE.COM,3/15/2020
DESINFECTERCORONAVIRUS.COM,3/15/2020
CORONASMITH.COM,3/14/2020
CORONARULES.COM,3/14/2020
CORONADELCO.COM,3/15/2020
CORONAVIRUSCOMMS.COM,3/11/2020
VEILIGCORONA.COM,3/14/2020
CORONAMONTCO.COM,3/15/2020
CORONABUCKS.COM,3/15/2020
CORONAMASKZ.COM,3/15/2020
CORONAVIRUSCLEANERCALIFORNIA.COM,3/14/2020
CORONACOMPARE.COM,3/13/2020
HOPEWHILECORONA.COM,3/14/2020
LUCHACONTRACORONAVIRUS.COM,3/14/2020
CORONAVIRUSUTAH.COM,3/4/2020
CORONADEATHMADNESS.COM,3/14/2020
CANLICORONA.COM,3/13/2020
HOWMANYPEOPLEWILLDIEFROMCORONAVIRUS.COM,3/14/2020
MYCORONA19SAFEMASK.COM,3/14/2020
CORONA-UNTERNEHMENSHILFE.COM,3/16/2020
CORONAVIRGINS.COM,3/13/2020
CORONAPOTION.COM,3/13/2020
CORONADRONES.COM,3/13/2020
CORONAESCAPES.COM,3/13/2020
CORONACANCER.COM,3/13/2020
CORONAMAPA.COM,3/15/2020
CORONAPANDEMICSTORE.COM,3/13/2020
CORONAVIEWS.COM,3/16/2020
MAPACORONA.COM,3/15/2020
CORONAVIRUS-PHARMACEUTICALS.COM,3/14/2020
CORONAHOLISTIC.COM,3/15/2020
IAMCORONAFREE.COM,3/17/2020
CORONAVIRUSRESPONSEACT.COM,3/14/2020
CORONAHOMEGYM.COM,3/15/2020
CORONAVIRUS-INFO-CHATBOT.COM,3/13/2020
CORONAVIRUS-COM.COM,2/24/2020
CORONAFACTBOT.COM,3/16/2020
CORONAVIRUS-LATEST-UPDATE.COM,2/24/2020
CORONA-VIRUSTV.COM,3/13/2020
SERVICE-CORONA.COM,3/16/2020
WORLDVSCORONA.COM,3/15/2020
CORONAVIRUSCOVID19-INFORMATION.COM,3/11/2020
CORONA-WELTUNTERGANG.COM,3/16/2020
PREVENTCORONAVIRUS19.COM,3/14/2020
OFFICIALCORONAVIRUS19.COM,3/14/2020
CORONABOLONA.COM,3/14/2020
RESISTIENDOALCORONAVIRUS.COM,3/15/2020
CORONABULLETPROOF.COM,3/15/2020
SANANTONIOCORONA.COM,3/15/2020
DESINFECTION-CORONAVIRUS.COM,3/13/2020
WECLEANUPCORONAVIRUS.COM,3/15/2020
CORONAVIRUS-SYMPTOMS.COM,1/25/2020
CORONAVIRUS-TREATMENTS.COM,1/25/2020
CORONAVIRUSTREATMENTS.COM,1/25/2020
CORONA-HOTSPOTS.COM,3/6/2020
AUSTINCORONA.COM,3/15/2020
CORONAVIRUS-VACCINE.COM,1/25/2020
CORONAWEHELP.COM,3/16/2020
CORONA-WE-HELP.COM,3/16/2020
NOCORONA2020.COM,3/14/2020
CORONAINCOMELOSS.COM,3/15/2020
CORONAPERKS.COM,3/13/2020
CORONA19LABTESTING.COM,3/15/2020
FXCORONA.COM,3/15/2020
CORONAVIRUSPROTECTIVEWEAR.COM,3/13/2020
CORONA-MAP-DATA.COM,3/14/2020
LAVAGEAUTOMOBILECORONAVIRUS.COM,3/13/2020
CORONAVIRUSFORECLOSURE.COM,3/14/2020
CORONAVD19.COM,3/14/2020
SHAHAM-CORONA.COM,3/13/2020
STICKITCORONA.COM,3/11/2020
CORONALB.COM,3/11/2020
JUST-CORONA-BRO.COM,3/16/2020
KEEPAWAYCORONAVIRUS.COM,3/13/2020
CORONAVIRUSANDYOURHOMESALE.COM,3/15/2020
CORONA-19VIRUSTESTKIT.COM,3/16/2020
CORONAVIRUSSHOPPINGMALL.COM,3/16/2020
CORONA-BOOM.COM,3/14/2020
CORONAVIRUS-DR.COM,3/15/2020
CORONASWAN.COM,3/14/2020
CORONAVIRUS-LB.COM,3/16/2020
CORONAAFTERMATH.COM,3/15/2020
CORONAVIRUSPROTECTIONMASK.COM,2/16/2020
POSTCORONAWORLD.COM,3/15/2020
AMERICAPOSTCORONA.COM,3/15/2020
CORONAVIRUS-PPE.COM,3/3/2020
CORONAVIRUSCOOKING.COM,3/15/2020
IMACORONABABY.COM,3/13/2020
THENEXTCORONA.COM,3/15/2020
CORONAVIRUSYMPTOMS.COM,3/8/2020
SURVIVORSOFCORONA.COM,3/14/2020
NOVELCORONAVIRUSINFO.COM,1/29/2020
CORONASHOPPINGMALL.COM,3/16/2020
WORLDAIDAGAINSTCORONA.COM,3/16/2020
EMERYCORONATESTKIT.COM,3/14/2020
CORONAVIRUSHELPTEST.COM,3/14/2020
WORLD-CORONAVIRUS.COM,3/7/2020
THECORONAHELP.COM,3/16/2020
CORONA-BERATUNG.COM,3/13/2020
CORONAPRENEUR.COM,3/15/2020
QUEHACERENCUARENTENAPORCORONAVIRUS.COM,3/9/2020
MYCORONATRUTH.COM,3/15/2020
CORONATRUTHS.COM,3/15/2020
CORONA-ANWAELTE.COM,3/13/2020
CORONAVIRUS-OUBREAK.COM,3/15/2020
CORONAVACCINENEWS.COM,3/16/2020
CORONA-FOLGEN.COM,3/13/2020
CORONAVIRUSVACCINETRIAL.COM,3/16/2020
CORONASTOPERS.COM,3/13/2020
CORONAVIRUSCLEANINGMONTREAL.COM,3/15/2020
CORONAKAMPF.COM,3/14/2020
CORONAVIRUSDISEASEDAILYUPDATES.COM,3/14/2020
CORONAJAMAICA.COM,3/14/2020
CORONAVIRUSAUTOTEST.COM,3/13/2020
CORONAVIRUSFORKIDS.COM,3/16/2020
CORONATINI.COM,3/14/2020
CORONAVIRUSGOVERNMENTRELIEF.COM,3/14/2020
CORONAVIRUSPRACTICEUPDATE.COM,3/15/2020
TURKIYEDECORONA.COM,3/16/2020
SLIDERSCORONAS.COM,3/14/2020
CORONAKICKSTARTER.COM,3/13/2020
COUNTRYCORONA.COM,3/14/2020
CORONAVIRUSWW.COM,3/13/2020
HEALTHCORONA.COM,3/14/2020
CORONA-AKTUELL.COM,3/13/2020
THECORONAVIRUSSPREADS.COM,3/14/2020
CORONAVIRUS-TIPPS.COM,3/13/2020
CORONAVIRUSDESTROYER.COM,3/14/2020
SNFCORONAVIRUSUPDATE.COM,3/15/2020
CORONAVIRUSFORGYMS.COM,3/13/2020
FELIPEYDANIELACORONADO.COM,1/12/2020
CORONA-VIRUS-RECESSION.COM,3/16/2020
CORONAVIRUSVSHOUSEKEEPING.COM,3/13/2020
CORONASMALLBIZASSIST.COM,3/15/2020
ASKABOUTCORONA.COM,3/16/2020
KILLTHECORONAVIRUSCLOTHING.COM,3/14/2020
CORONARIGHTNOW.COM,3/16/2020
CORONAVIRUSFIRED.COM,3/15/2020
CORONAVIRUSNG.COM,2/28/2020
NOVELCORONAVIRUS2019.COM,1/22/2020
CORONA-CREDIT.COM,3/13/2020
CORONAISLEOFMAN.COM,3/15/2020
CORONAVIRUSEMPLOYMENTRESOURCES.COM,3/14/2020
FANTCORONAES.COM,3/11/2020
CORONAVIRUSEMPLOYMENT.COM,3/14/2020
CORONAHITS.COM,3/13/2020
IAMTHECORONAVIRUS.COM,3/16/2020
CORONAVIRUSVACCINEPROGRESS.COM,3/15/2020
CORONAVIRUSCLOSINGSNYS.COM,3/13/2020
CORONACARECARD.COM,3/14/2020
CORONAVIRUSATHOMETESTING.COM,3/14/2020
CORONAVIRUSCLOSINGSNY.COM,3/13/2020
CORONACOUNTRYMAP.COM,3/15/2020
CORONAIDCONCERT.COM,3/15/2020
CORONAVIRUSREFUGEE.COM,3/15/2020
CORONAIDLIVE.COM,3/15/2020
YOCOGICORONAVIRUS.COM,3/13/2020
THEANTICORONA.COM,3/9/2020
CORONAVIRUSDISINFECTANTSUPPLY.COM,3/15/2020
CORONATESTINGCENTER.COM,3/15/2020
CORONAVIRUS5K.COM,3/14/2020
CORONAVIRUSWATCHLIST.COM,3/15/2020
CORONADELMARLUXURY.COM,1/13/2020
CORONAVID19CLEANERS.COM,3/15/2020
CORONAAWAY.COM,3/11/2020
CORONAVIRUSISOLATIONKIT.COM,3/13/2020
CORONAVIRUSINFOMAP.COM,3/14/2020
CORONACRUISELAWYERS.COM,3/15/2020
CHRONICCORONA.COM,3/14/2020
CORONAVIRUSCRUISELAWYERS.COM,3/15/2020
CORONAVIRUSCRUISELAWYER.COM,3/15/2020
CORONAPUBLICATION.COM,1/2/2020
CORONACOPIA.COM,3/15/2020
CHEAPCORONA.COM,3/11/2020
PRATACORONA.COM,3/11/2020
CORONACLASSATTORNEY.COM,3/15/2020
CORONAVIRUSTESTERFINDERS.COM,3/14/2020
CORONAVIRUSFREESUMMER.COM,3/16/2020
CORONAVIRUS-MAPS.COM,2/27/2020
CHATBOTCORONAVIRUS.COM,3/16/2020
ANTICORONAVIRUSGH.COM,3/16/2020
ANTICORONAVIRUSGHANA.COM,3/16/2020
NBACORONAVIRUS.COM,3/14/2020
CORONAVIRUSVACAVILLE.COM,3/14/2020
CORONAVIRUS-EMERGENCY-KIT.COM,3/13/2020
CORONAVIRUSCENTERS.COM,2/29/2020
CORONA-HILFE.COM,3/5/2020
CORONAVIRUS-PRODUCTS.COM,3/9/2020
CORONAVIRUS-LIVE-UPDATES.COM,2/19/2020
CORONAVIMMUNE.COM,3/14/2020
CORONAVIRUSCONGRESS.COM,2/29/2020
CORONATILITY.COM,3/13/2020
CORONAVIRUSNC.COM,3/13/2020
HOMECORONATESTING.COM,3/13/2020
GOODAFTERCORONA.COM,3/16/2020
CORONA-COMPARE.COM,3/13/2020
ANTIVIRUSCORONACOVID.COM,3/16/2020
BESTCORONATEST.COM,3/14/2020
CORONAVIRUSCASESINTHEUS.COM,3/15/2020
NOTCORONAVIRUSNEWS.COM,3/14/2020
ANTIVIRUSCORONACOVID19.COM,3/16/2020
CORONAVIR20.COM,3/13/2020
CORONABLESSING.COM,3/16/2020
FASTCORONATEST.COM,3/14/2020
BINTANGCORONA.COM,3/16/2020
CORONAVIRUSFAITH.COM,3/13/2020
CORONACASASENVENTA.COM,1/26/2020
CORONAREALESTATEHOMESFORSALE.COM,1/26/2020
INHOMECORONATEST.COM,3/13/2020
CORONA-SOFORTHILFE.COM,3/14/2020
CORONACEASE.COM,3/14/2020
THECORONACOURSE.COM,3/14/2020
CORONAVIRUSSYSTEM.COM,3/14/2020
CORONADISRUPTION.COM,3/14/2020
CORONACONTROLSHOP.COM,3/14/2020
CORONAMALTA.COM,3/9/2020
CORONA-HEROES.COM,3/14/2020
NACERENTIEMPOSDELCORONAVIRUS.COM,3/14/2020
NEWCORONAVIRUSTEST.COM,3/13/2020
CORONAANTIVIRUSS.COM,3/14/2020
DIYCORONATEST.COM,3/14/2020
STARTUPSAGAINSTCORONA.COM,3/14/2020
FIGHTCORONAVIRUS.COM,1/24/2020
CORONA-DEFENCE.COM,3/15/2020
CORONAVIRUS-HELPLINE.COM,2/1/2020
STARTUPSAGAINSTCORONAVIRUS.COM,3/14/2020
C19CORONA.COM,3/13/2020
CORONAVIRUSLAWSCALIFORNIA.COM,3/15/2020
CORONAVIRUSEZPREVENTION.COM,3/13/2020
LETSFIGHTCORONA.COM,2/27/2020
FIGHTVSCORONA.COM,3/9/2020
CORONA-VIRUS-WORLD.COM,3/14/2020
CORONACLARITY.COM,3/14/2020
CORONA-RETTUNGSSCHIRM.COM,3/14/2020
CORONAINSIDER.COM,3/12/2020
CORONAVIRUSDIVORCE.COM,3/15/2020
INJURYCORONAVIRUS.COM,3/15/2020
FUCKINGWUHANCORONAVIRUS.COM,3/15/2020
SHOULDERCORONAVIRUS.COM,3/15/2020
CORONAHOLIC.COM,3/13/2020
TOGETHERWITHCORONAVIRUS.COM,3/14/2020
CORONA-FACE-MASK.COM,3/14/2020
ANTICORONAVIRUSTIENDA.COM,3/14/2020
CORONAVIRUSCOOL.COM,3/14/2020
FINDCORONATEST.COM,3/15/2020
CORONAVIRUSLEGALE.COM,3/14/2020
CORONAJOB.COM,1/26/2020
TOGETHERWITHCORONA.COM,3/14/2020
CORONACLASSROOMS.COM,3/15/2020
ANTICORONAVIRAL.COM,3/14/2020
CORONA-VIRUS-MASQUE.COM,3/14/2020
CORONACRUISECLAIMS.COM,3/15/2020
CORONAVIRUSPANDEMICSYMPTOMS.COM,3/12/2020
CORONASAFEUSA.COM,3/13/2020
CORONAVIRUS-FACE-MASK.COM,3/14/2020
CORONAVIRUSAVVOCATI.COM,3/14/2020
CORONAVIRUSFACEMASKPROTECTOR.COM,3/14/2020
GETCHECKEDFORCORONAVIRUS.COM,3/14/2020
MYCORONAPATCH.COM,3/14/2020
CORONAONTZORGT.COM,3/15/2020
CORONA-BREMEN.COM,3/14/2020
CORONACRAFTS.COM,3/15/2020
CORONAVIRUS-WORK-FROM-HOME.COM,3/15/2020
CORONAVIRUSSURVIVALS.COM,3/14/2020
CORONAVIRUSCHINAMARKET.COM,3/14/2020
SAMEDAYCORONA.COM,3/14/2020
CORONAVIRUSDENTISTRY.COM,3/15/2020
GAMES4CORONAVIRUS.COM,3/14/2020
CORONA-SAARLAND.COM,3/14/2020
CORONAVIRUSRESPONDERS.COM,3/15/2020
CORONAVIRUSDAO.COM,2/20/2020
CORONAHOSTS.COM,3/9/2020
CORONAVIRUSORTHODONTICS.COM,3/14/2020
CHALLENGEWITHCORONA.COM,3/14/2020
FUCORONAVIRUSSHIRT.COM,3/15/2020
CORONAVIRUSTOGETHER.COM,3/14/2020
LOVETRAVELCORONA.COM,3/15/2020
HOPEINTHETIMEOFCORONA.COM,3/15/2020
CORONAVIRUS-WHATTODO.COM,3/13/2020
CORONAVIRUSTESTNEARME.COM,3/13/2020
CORONA-MAN.COM,3/15/2020
CORONAVIRUSSHIRTCO.COM,3/15/2020
CORONAEMPATHYHOTLINE.COM,3/15/2020
CORONAVIRUS5MINUTEMDCONSULT.COM,3/14/2020
ATHOMEWITHCORONA.COM,3/15/2020
METACORONA.COM,3/15/2020
CORONAVIRUST-SHIRTS.COM,3/15/2020
MOBILECORONATESTING.COM,3/15/2020
CORONAVIRUS-PODCAST.COM,3/15/2020
CORONADEFENSEJOBS.COM,3/15/2020
CORONA-AI.COM,3/15/2020
CORONAVIRUSPANDEMICCURE.COM,3/15/2020
CORONAVIRUSACTNOW.COM,3/15/2020
CATERERSVSCORONAVIRUS.COM,3/15/2020
CORONABEAT.COM,3/15/2020
CORONAGINGER.COM,3/15/2020
JUSTCORONAVIRUS.COM,3/14/2020
CORONAVIRUSCURECLINIC.COM,3/14/2020
DICHVIRUSCORONA.COM,2/2/2020
CORONAFIOR.COM,3/15/2020
CHINAWUHANCORONAVIRUS.COM,3/14/2020
CORONAVIRUSBABYS.COM,3/15/2020
JAHEMERAHCORONA.COM,3/15/2020
CORONAHAZMATSUITS.COM,3/15/2020
CORONA-RECHTSANWALT.COM,3/13/2020
ABOUTCORONAVIRUSES.COM,3/14/2020
2020CORONAOUTBREAK.COM,3/15/2020
YOURCORONAVIRUSTEST.COM,3/14/2020
CORONAVIRUSANDMASK.COM,3/11/2020
CORONACOFFEENYC.COM,3/14/2020
THECORONAVIRUSMOVIE.COM,3/14/2020
CORONAVIRUSCURETREATMENT.COM,3/14/2020
CORONAVIRUSMYSTERYS.COM,3/15/2020
CORONAVIRUS-DRIVETHROUGH.COM,3/15/2020
BLOGINTHETIMEOFCORONA.COM,3/15/2020
FEDCORONAASSISTANCE.COM,3/15/2020
IGOTTHETHECORONABLUES.COM,3/15/2020
CORONACUREBLOG.COM,3/15/2020
CORONAVIRUSTESTGUIDELINES.COM,3/15/2020
CORONAMYTHS.COM,3/15/2020
FEDCORONARELIEF.COM,3/15/2020
FEDERALCORONARELIEF.COM,3/15/2020
CORONAFEDASSISTANCE.COM,3/15/2020
CORONAGIGS.COM,3/15/2020
CORONABI.COM,3/14/2020
CORONA-VIRUS-ATTORNEY.COM,3/15/2020
CORONASPRAYERSANDMISTERS.COM,3/14/2020
DIAGNOSECORONA.COM,3/14/2020
OVERCOMECORONAVIRUSNOW.COM,3/15/2020
KEEPSAFEFROMCORONAVIRUS.COM,3/15/2020
CORONA-VIRUSLAW.COM,3/15/2020
CORONAVIRUSHOMEINTERNET.COM,3/10/2020
CORONANEWBORN.COM,3/15/2020
CORONAVIRUSHEALTHCLINIC.COM,3/15/2020
BETONCORONAVIRUS.COM,3/14/2020
CORONAVIRUSFUNERALSNYC.COM,3/16/2020
CORONASBABY.COM,3/15/2020
ANTICORONASERVICE.COM,3/13/2020
CORONAVIRUSONLINEHELP.COM,3/16/2020
CORONAWORKOUT.COM,3/13/2020
CORONAVIRUSHELPVIRTUAL.COM,3/16/2020
CORONAEMPLOYMENTSOLUTION.COM,3/16/2020
CORONAVIRUSMEDICALCLINICS.COM,3/16/2020
ISURVIVEDCORONAVIRUSTSHIRTS.COM,3/16/2020
CORONAIMPACTNYC.COM,3/16/2020
CORONARELIEFCHICAGO.COM,3/16/2020
WITHCORONA.COM,3/16/2020
CORONAVIRUSTELECARE.COM,3/16/2020
MASQUE-CORONA-VIRUS.COM,2/28/2020
CORONA-STATS.COM,3/6/2020
PREVENIR-CORONAVIRUS.COM,3/14/2020
CORONANOTIFICATIONS.COM,3/16/2020
CORONAVIRUS-HOMESCHOOL.COM,3/16/2020
CORONAVIRUSWALKNYC.COM,3/16/2020
CORONAVIRUSVIRAL.COM,3/16/2020
CORONAVIRUSSTICKER.COM,3/13/2020
CORONAVIRUSMYELOMA.COM,3/13/2020
CORONAVIRUSTESTUSA.COM,3/16/2020
360CORONA.COM,3/16/2020
CORONAFORDAYS.COM,3/16/2020
CORONAVIRUSIMPACTLONDON.COM,3/16/2020
CORONAVIRUSSUPPLYSHOPPING.COM,3/16/2020
INSTACORONAVIRUS.COM,3/16/2020
CORONA-TRAVELS.COM,3/16/2020
MYCORONASTATUS.COM,3/16/2020
INSURANCECLAIMCORONAVIRUS.COM,3/16/2020
CLAIMCORONAVIRUS.COM,3/16/2020
CORONAVIRUS-SERVICES.COM,3/16/2020
YACORONA.COM,3/16/2020
CORONAANDCANCER.COM,3/14/2020
FACTSNOTFEARCORONAVIRUS.COM,3/14/2020
CORONAVIRUSFACIALS.COM,3/16/2020
CORONAVIRUS-TEE.COM,3/13/2020
FACTSNOTFEARCORONA.COM,3/14/2020
CORONAHUT.COM,3/14/2020
CORONAVIRUSYOPAL.COM,3/14/2020
CORONAVIRUS-BABY.COM,3/14/2020
CORONAHILFMITTEL.COM,3/14/2020
CORONAHILFSPAKET.COM,3/14/2020
CORONAVIRUSLAWYERUSA.COM,3/14/2020
CORONAVACANCES.COM,3/14/2020
CORONASPREADTEST.COM,3/14/2020
JOHNCORONACOVID.COM,3/16/2020
CORONAVIRUSWALKNEWYORK.COM,3/16/2020
CORONAHOMESCHOOL.COM,3/13/2020
WORKFROMHOMECORONA.COM,3/14/2020
KN95FORCORONAVIRUS.COM,3/16/2020
WHATTOBUYFORCORONAVIRUS.COM,3/16/2020
CORONARETIREMENT.COM,3/16/2020
BESTCORONAMASKS.COM,2/29/2020
INSTACORONA.COM,3/16/2020
PROBLEMILEGALICORONAVIRUS.COM,3/14/2020
CORONAMAKEOVERCHALLENGE.COM,3/16/2020
CORONABABYBOOMER.COM,3/13/2020
2020CORONAGEDDON.COM,3/14/2020
CORONAVIRUSGAMEPLAN.COM,3/16/2020
FINLANDCORONAVIRUS.COM,3/16/2020
USCORONAVIRUSRESOURCES.COM,3/16/2020
CORONAVIRUSTESTKITAMERICA.COM,3/16/2020
CORONAVIRUSQUESTIONAIRE.COM,3/16/2020
CORONACATERINGUSA.COM,3/16/2020
HYPHYCORONAVIRUS.COM,3/16/2020
CORONA-SPREAD-TEST.COM,3/14/2020
EXTERMINATECORONAVIRUS.COM,3/16/2020
CORONAVIRUSRUN.COM,3/16/2020
CORONATTIRE.COM,3/16/2020
CORONAVIRUS-HOSPITAL.COM,3/16/2020
CORONAVIRUSHEATMAP.COM,1/27/2020
CORONAROUND.COM,3/16/2020
CORONAVIRUSUPDATEUS.COM,3/13/2020
MASKS-FOR-CORONAVIRUS.COM,3/13/2020
DEEPCLEANCORONAVIRUS.COM,3/13/2020
SANITIZERAGAINSTCORONAVIRUS.COM,3/12/2020
CORONASELIYPAU.COM,1/20/2020
JOYASCORONA.COM,1/30/2020
CORONAWEBDAMOWA.COM,2/3/2020
DECORONATION.COM,3/1/2020
CHILDCARECORONA.COM,12/2/2019
AVAILABLECORONATEST.COM,3/12/2020
CORONAVIRUSTESTINGLOCATIONS.COM,3/12/2020
PUERTASYVENTANASCORONADO.COM,12/30/2019
CORONAVIRUSTESTDALLAS.COM,3/12/2020
FUCKTHECORONA.COM,3/12/2020
CORONAVIRUSTESTDFW.COM,3/12/2020
USCORONAFACTS.COM,3/12/2020
STIRICORONAVIRUS.COM,3/12/2020
SURVIVECORONAVIRUSFINANCIALLY.COM,3/12/2020
CORONAHEADMASTERFOOTBALL.COM,1/13/2020
CORONATEXSAS.COM,1/23/2020
PLAYACORONADORENTAL.COM,2/13/2020
CORONA5.COM,2/20/2020
CORONA115.COM,2/26/2020
CORONAVIRUSULTIMAHORA.COM,2/26/2020
CORONA-VIRUS-LATEST-UPDATE.COM,3/2/2020
CORONAMASKPROTECTION.COM,2/26/2020
FOTOSCORONADO.COM,2/26/2020
CORONASCUBA.COM,2/28/2020
CORONAVIRUS-LIVE-UPDATE.COM,3/1/2020
CORONATER.COM,3/1/2020
CORONAFIGHTER.COM,3/3/2020
ZINCORONA.COM,3/4/2020
CORONAVIRUSDATAONLINE.COM,3/5/2020
CORONAVIRUS-HOTLINE.COM,3/10/2020
CORONAKNOWLEDGE.COM,3/10/2020
CORONANUMBERS.COM,3/11/2020
CORONAFALL.COM,3/11/2020
DIRECTCORONAVIRUS.COM,3/11/2020
VENCEALCORONAVIRUS.COM,3/12/2020
CORONA-VIRUS-FRANCE.COM,3/12/2020
CORONAVIRUSUPDATENEWS.COM,3/12/2020
CUIDADOSCORONAVIRUS.COM,3/12/2020
CORONAVIRUSINJURIES.COM,3/12/2020
CORONAFIREWALL.COM,3/12/2020
CORONAVIRUS-HOMETEST.COM,3/12/2020
CORONASAFEBIZ.COM,3/12/2020
CORONAVIRUSBROWARD.COM,3/12/2020
VIAGRACORONA.COM,3/12/2020
CORONA-MASQUE.COM,3/12/2020
CORONABRA.COM,3/12/2020
PARACORONA.COM,3/12/2020
CORONACURETRACKER.COM,3/12/2020
CORONAKILLEDTHENHL.COM,3/12/2020
CORONAVIRUSTESTINGCENTER.COM,3/12/2020
CORONAVIRUSTESTINGLA.COM,3/12/2020
SEVEREACUTERESPIRATORYSYNDROMECORONAVIRUS2.COM,3/12/2020
PRAYFORMECORONAVIRUS.COM,3/12/2020
CORONACLEANLLC.COM,3/12/2020
CORONAVIRUSTHREATS.COM,3/12/2020
BIDENCORONAVIRUS.COM,3/12/2020
CORONAINVADERS.COM,3/12/2020
LEADINGINTHEAGEOFCORONAVIRUS.COM,3/12/2020
CORONAVIRUSTESTCA.COM,3/12/2020
THECORONAVIRUSWEBSITE.COM,3/12/2020
SAMEDAYCORONAVIRUSTESTING.COM,3/12/2020
BCORONA.COM,3/12/2020
CORONA4PRESIDENT.COM,3/12/2020
DEFENSEAGAINSTCORONA.COM,3/12/2020
CORONAFROMHOME.COM,3/12/2020
HOWTHECORONABEGINNING.COM,3/12/2020
UVCORONA.COM,3/12/2020
MAPADELCORONAVIRUS.COM,3/12/2020
ANTICORONAHERBAL.COM,3/12/2020
THECORONAATTORNEYS.COM,3/12/2020
CORONAZIKADISEASE.COM,3/12/2020
1STCORONATEST.COM,3/12/2020
POSTCORONAAMERICA.COM,3/13/2020
CORONAVIRUSFACTSANDFEARS.COM,3/12/2020
CONQUER-CORONAVIRUS.COM,3/13/2020
THECORONAVIRUSLAWFIRM.COM,3/12/2020
THECORONALAWYERS.COM,3/12/2020
ONLINECORONAVIRUSTELEMEDICINE.COM,3/13/2020
CORONAVIRUSVIDS.COM,3/12/2020
DIAGNOSTICO-CORONAVIRUS.COM,3/13/2020
CORONAISREAL.COM,3/12/2020
CORONAZON.COM,3/12/2020
CORONACANDLE.COM,3/12/2020
CORONAVIRUSPANDEMICUPDATE.COM,3/12/2020
CORONAVIRUSCONDITION.COM,3/12/2020
CORONASTEM.COM,3/13/2020
CORONAVIRUSTESTFLORIDA.COM,3/12/2020
MYCORONALAWFIRM.COM,3/12/2020
CORONAINEUROPE.COM,3/13/2020
CORONAVIRUSEXPERTSECRETS.COM,3/12/2020
PREVENCIONDELCORONAVIRUS.COM,3/12/2020
CORONAFOBI.COM,3/12/2020
CORONALAWATTORNEY.COM,3/12/2020
STOPCORONARIVUS.COM,3/12/2020
CORONAVUPDATES.COM,3/12/2020
CORONACLEAN4U.COM,3/13/2020
CORONASUPPLYCHAIN.COM,3/12/2020
IBUYCORONAVIRUSHOUSES.COM,3/12/2020
ONESTOPCORONASHOP.COM,3/12/2020
CORONASBALOAN.COM,3/12/2020
CORONATELEWORKING.COM,3/12/2020
FORCORONAVIRUSTESTING.COM,3/12/2020
FORCORONAVIRUSTESTKITS.COM,3/12/2020
CAZACORONAVIRUS.COM,3/12/2020
TESTATHOMECORONAVIRUS.COM,3/12/2020
CORONASHOPPER.COM,3/12/2020
ZCORONA.COM,3/12/2020
GOCORONAVIRUSTEST.COM,3/12/2020
PRAYERCORONAVIRUS.COM,3/12/2020
CLEARCORONA.COM,3/12/2020
SURVIVORCORONAVIRUS2020.COM,3/12/2020
CORONAVIRUSPERSONALINJURIES.COM,3/12/2020
WESURVIVEDCORONAVIRUS2020.COM,3/12/2020
CORONATESTINGNOW.COM,3/12/2020
FINDCORONAVIRUSTEST.COM,3/12/2020
CORONAVIRUSCLOTHES.COM,3/12/2020
USACOVID-19CORONAVIRUS.COM,3/12/2020
CORONAVIRUS-LOANS.COM,3/12/2020
CORONARESET.COM,3/12/2020
CORONAWIDOW.COM,3/12/2020
CERTIFIEDCORONAVIRUSTRAINER.COM,3/12/2020
SURVIVEDCORONAVIRUS2020.COM,3/12/2020
REAL-CORONA-VIRUS.COM,3/12/2020
CORONAVIRUSPRAYERGROUP.COM,3/12/2020
WORLDCORONAVIRUSRESISTANCE.COM,3/13/2020
FLORIDACORONAVIRUSSOLUTIONS.COM,3/13/2020
WEWILLSURVIVECORONAVIRUS.COM,3/13/2020
CORONA-CRAFT.COM,3/13/2020
CORONAVIRUSLOSES.COM,3/13/2020
COLORADOCORONAMEDICALSUPPLIES.COM,3/13/2020
CORONAVIRUSDIETPLAN.COM,3/13/2020
ANTICORONAVIRUSDRUGS.COM,3/13/2020
CBDFORCORONA.COM,3/13/2020
CORONATOMORROW.COM,3/13/2020
COCORONAVIRUSSUPPLIES.COM,3/13/2020
COMMONSENSEANDCORONAVIRUS.COM,3/13/2020
CORONACVS.COM,3/13/2020
CORONAVITAMINCIV.COM,3/13/2020
CORONARELIEFLOAN.COM,3/13/2020
ISURVIVEDTHECORONAVIRUSTSHIRT.COM,3/13/2020
CORONASIDE.COM,3/13/2020
SURIVECORONA.COM,3/13/2020
CORONATESTSITES.COM,3/13/2020
MAPCORONA19.COM,3/13/2020
COLORADOCORONAVIRUSSERVICE.COM,3/13/2020
ELECTIONS-AND-CORONAVIRUS.COM,3/13/2020
CDCQUICKSWABTESTCORONAVIRUS.COM,3/13/2020
CORONAUNI.COM,3/13/2020
CORONA-PHARM.COM,3/13/2020
VAINCRELECORONA.COM,3/13/2020
CORONAVIRISNEWNOW.COM,3/13/2020
CORONAVIRUSTESTSITE.COM,3/13/2020
TXCORONA.COM,3/13/2020
CORONAVIRUSNEWSMAP.COM,3/13/2020
CLASSOFCORONA.COM,3/13/2020
CORONACLEANCOURIERS.COM,3/13/2020
CORONAZIKAPREVENTION.COM,3/13/2020
COCORONACUREMEDICALSUPPLIES.COM,3/13/2020
LIMPIEZAS-STOPCORONAVIRUS.COM,3/13/2020
IVCORONA.COM,3/13/2020
CORONAVIRUSBUSINESSLOANS.COM,3/13/2020
CORONACLEANINGDOCS.COM,3/13/2020
CORONASTEPS.COM,3/13/2020
CORONAVIRUSWEBSITENOTICE.COM,3/13/2020
MISSIONCORONA.COM,3/13/2020
THANKSCORONAVIRUS.COM,3/13/2020
CORONAVIRUSNEWSNOE.COM,3/13/2020
CORONAVIRESNEWSNOW.COM,3/13/2020
CORONAAMPWORKS.COM,3/13/2020
COCORONAVIRUSMEDICAL.COM,3/13/2020
CORONAVIRUSWHERE.COM,3/13/2020
CORONAVIRUSNEWNEWS.COM,3/13/2020
CORONAVIRUSREPARATIONS.COM,3/13/2020
CORONAVIL.COM,3/13/2020
LOSMEXICANOSINMUNESALCORONAVIRUS.COM,3/13/2020
ASAPCORONAVIRUS.COM,3/13/2020
CORONAVIRUSNOTICE.COM,3/13/2020
CORONA-CANNABIS.COM,3/13/2020
CORONASESSIONSNOLA.COM,3/13/2020
CORONACLEANINGCO.COM,3/13/2020
FLCORONAVIRUSSOLUTIONS.COM,3/13/2020
CURECORONAVIRUSTODAY.COM,3/13/2020
ANTICORONAVIRUSMOVIE.COM,3/13/2020
ABCCORONAVIRUS.COM,3/13/2020
CORONACHILD.COM,3/13/2020
CORONAVIRUS-SBA.COM,3/13/2020
ELAMORENLOSTIEMPOSDELCORONA.COM,3/13/2020
CORONAFREEWATER.COM,3/13/2020
CORONA19SURVIVOR.COM,3/13/2020
FVCK-CORONA.COM,3/13/2020
CORONA19TEST.COM,3/13/2020
CORONAVIRUSBUSINESSCLAIMS.COM,3/13/2020
CORONAESTIMATE.COM,3/13/2020
ACORONAVIRUSCURE.COM,3/13/2020
NOVELCORONAVIRUSTESTINGKIT.COM,3/13/2020
CORONAVIRUSIV.COM,3/13/2020
CORONAVIRUSDECONTAMINATE.COM,3/13/2020
CORONA-CASES.COM,3/13/2020
CORONADONT.COM,3/13/2020
NOVELCORONAVIRUSWORLDTOUR2020.COM,3/13/2020
SOLUCIONESCORONAVIRUS.COM,3/13/2020
CORONAVIRUSMADEINCHINA.COM,3/14/2020
QUICKTESTCORONAVIRUS.COM,3/14/2020
CORONAVIRUSCBUS.COM,3/14/2020
SAFECORONASEX.COM,3/14/2020
CORONAROOM.COM,3/14/2020
CORONAVIRUSGOSSIP.COM,3/14/2020
CORONAVIRUSPRHELP.COM,3/14/2020
CORONAVIRUS3.COM,3/15/2020
HOWTODEFEATCORONAVIRUS.COM,3/15/2020
CORONAVIRUSTESTCLINIC.COM,3/14/2020
CORONAVOLUNTEERS.COM,3/14/2020
CORONA-KRIESE.COM,3/15/2020
CORONA-SURVIVORS.COM,3/14/2020
CORONASHOPPINGGUIDE.COM,3/14/2020
CORONACLEANSSANITIZER.COM,3/15/2020
CORONAFFAIR.COM,3/15/2020
CLOBBERTHECORONA.COM,3/14/2020
GEGEN-CORONA.COM,3/14/2020
NOTGETCORONAVIRUS.COM,3/14/2020
MYCORONACATION.COM,3/14/2020
CORONAVIRUSYA.COM,3/15/2020
CORONAVIRUSINUK.COM,3/15/2020
CORONAVIRUSINFONOW.COM,3/14/2020
CORONAVIRUSHEALTHHELP.COM,3/14/2020
CORONA-VITAL.COM,3/14/2020
USACORONAVIRUSTESTING.COM,3/14/2020
CORONAVIRUSCUREUK.COM,3/15/2020
HASHTAGCORONA.COM,3/14/2020
BBKCORONAVIRUS.COM,3/15/2020
CORONASCALE.COM,3/15/2020
CORONAVIRUSART.COM,3/14/2020
CORONATESTSEARCH.COM,3/14/2020
CORONAVIRUSTESTINGMAP.COM,3/14/2020
COMBATINGCORONAVIRUSPODCAST.COM,3/14/2020
CORONADISTANCING.COM,3/14/2020
CORONA-ISRAEL.COM,3/14/2020
CORONAVIRUSDIARYFILM.COM,3/14/2020
CORONAMANCE.COM,3/14/2020
CORONAVIRUSBOCA.COM,3/14/2020
CORONAVIRUSLIES.COM,3/14/2020
CORONAVIRUS19UPDATE.COM,3/15/2020
MITIGATECORONA.COM,3/15/2020
CORONAVIRUSBUYERSGUIDE.COM,3/14/2020
XN--CORONANIOS-09A.COM,3/14/2020
CORONAVIRUS2020UPDATES.COM,3/14/2020
CORONAGENARATION.COM,3/15/2020
CORONACONOMY.COM,3/14/2020
NORTHERNCORONAGRIEF.COM,3/14/2020
CORONACLOTHFACEMASKS.COM,3/14/2020
CORONAWASHABLEFACEMASK.COM,3/14/2020
CORONACLYSM.COM,3/15/2020
FINLANDCORONASTATS.COM,3/14/2020
CORONAVIRUSBAT.COM,3/14/2020
CORONAWASHABLEFACEMASKS.COM,3/14/2020
CORONASTAMPS.COM,3/15/2020
CORONALIFELINE.COM,3/15/2020
CHINESECORONAVIRUS2020.COM,3/14/2020
CORONA10.COM,3/14/2020
COOKINGFORCORONA.COM,3/14/2020
BATTAGLIACORONAVIRUS.COM,3/15/2020
CORONARUNNER.COM,3/15/2020
CORONA-INSOVENZ.COM,3/14/2020
CORONAVIRUSHEROES.COM,3/14/2020
CORONAVIRUSSELFHELP.COM,3/14/2020
CORONACUTS.COM,3/14/2020
CORONAIALS.COM,3/14/2020
CORONAVIRUSUPDATECDN.COM,3/14/2020
CORONAVIRUSARABIC.COM,3/14/2020
CORONAMADRID.COM,3/14/2020
KILLCORONA19.COM,3/14/2020
CORONAVIRII.COM,3/14/2020
CLOSED4CORONA.COM,3/14/2020
CORONA-MEINESTADT.COM,3/14/2020
MOBILECORONAVIRUSTESTINGSITES.COM,3/14/2020
CORONAVIRUSFROMBAT.COM,3/14/2020
CORONARADIATION.COM,3/14/2020
BUZZCORONA.COM,3/14/2020
CORONADECON.COM,3/14/2020
CORONAVIRUSDISEASECARNIVAL.COM,3/14/2020
GESTORIAERTESCORONAVIRUS.COM,3/16/2020
CORONATRENDBYCOUNTRY.COM,3/16/2020
CORONA-ANTWORTEN.COM,3/16/2020
CORONATON.COM,3/16/2020
CORONAELIMINATORS.COM,3/16/2020
THECORONAVIRUSUSA.COM,3/16/2020
WUHAN-CORONAVIRUS-SURVIVORS.COM,3/16/2020
CORONACALLOUT.COM,3/16/2020
MUNDOCORONAVIRUS.COM,3/16/2020
THECORONASESSIONS.COM,3/16/2020
CORONA-HOMEWORK.COM,3/16/2020
CORONA-HOMESCHOOLING.COM,3/16/2020
FIGLIDELCORONA.COM,3/16/2020
CORONALAYOFF.COM,3/16/2020
CORONACLAIMHELP.COM,3/16/2020
CORONAMAYHEM.COM,3/16/2020
CORONAVIRUSTRIAL.COM,3/16/2020
CORONAREPORTCENTER.COM,3/16/2020
LEBENMITCORONA.COM,3/16/2020
CORONA-ANSWERS.COM,3/16/2020
CORONAVIRUSCHORAL.COM,3/16/2020
THECORONAVIRUS100.COM,3/16/2020
SCREENCORONA.COM,3/16/2020
CLASSACTIONCORONAVIRUS.COM,3/16/2020
CORONAVETS.COM,3/16/2020
CORONAVIRUSLESSONS.COM,3/16/2020
BINGHAMTONCORONAVIRUS.COM,3/16/2020
